source,listing_id,district,lat,lon,property_type_ar,property_type_en,price_sar,area_sqm,price_per_sqm,bedrooms,listing_date,url,predicted_sqm,predicted_total,ape,abs_error_sqm
haraj,11180421885,الخير,25.042110417981,46.459446730352,ارض,plot,1600.0,406.0,3.94,,2026-05-11,https://haraj.com.sa/11180421885/للبيع_مساحة_406م_في_مخطط_الدكاتره_3479/,2363,959378,59874.6192893401,2359.06
haraj,11180763810,الحائر,24.862285818346,46.739637132682,فيلا,villa,2150000.0,250.0,8600.0,4.0,2026-05-17,https://haraj.com.sa/11180763810/للبيع_فيلا_في_سدرة_روشن_كود_366/,2470,617500,71.27906976744185,6130.0
haraj,11177472540,المهدية,24.658089908134,46.520675099816,Apartment,apartment,880000.0,122.51,7183.09,3.0,2026-03-24,https://haraj.com.sa/11177472540/شقة_للبيع_في_حي_الرياض_في_حي_المهدية/,2984,365570,58.45798952818355,4199.09
haraj,11180494095,ظهرة لبن,24.609437514691,46.466971389433,فيلا,villa,1500000.0,375.0,4000.0,18.0,2026-05-12,https://haraj.com.sa/11180494095/فيلا_للبيع_في_حي_ظهرة_لبن_المساحه_375_متر/,2997,1123875,25.074999999999996,1003.0
haraj,11173056838,البيان,24.888632909972,46.86,Villa,villa,2700000.0,221.36,12197.33,12.0,2026-01-08,https://haraj.com.sa/11173056838/فيلا_دور_و_4_شقق_جديدة_للبيع_بحي_البيان/,3012,666736,75.30607108276975,9185.33
haraj,11180356535,الجنادرية,24.901391358855,46.968570045212,فيلا,villa,1149000.0,250.0,4596.0,11.0,2026-05-10,https://haraj.com.sa/11180356535/للبيع_فيلا_مع_شقة_بحي_الجنادرية_بوابة_الشرق/,2950,737500,35.813751087902524,1646.0
haraj,11180776381,المعيزلة,24.811245751361,46.838482267238,Land,plot,3700.0,1470.0,2.52,,2026-05-17,https://haraj.com.sa/11180776381/أرض_في_حي_المعيزيلة_قريبة_من_طريق_السلطان_قابوس_بن_سعيد/,2365,3476550,93749.20634920635,2362.48
haraj,11180316444,الشعلة,25.047878246682,47.11627006593,ارض,plot,435.0,645.0,0.67,,2026-05-10,https://haraj.com.sa/11180316444/منح_شرق_الرياض_اراضي_طريق_رماح_والدمام/,2438,1572510,363780.5970149253,2437.33
haraj,11179815121,النرجس,24.867758584409,46.647893261974,فيلا,villa,2500000.0,225.0,11111.11,3.0,2026-05-02,https://haraj.com.sa/11179815121/للبيع_فيلا_حي_النرجس_225م/,3422,769950,69.20199692019969,7689.110000000001
haraj,11179138163,المهدية,24.668732981301,46.51822517135,فيلا,villa,1800000.0,250.0,7200.0,8.0,2026-04-20,https://haraj.com.sa/11179138163/فله_دبلكس_للبيع_بالمهديه_حي_القصور/,3071,767750,57.34722222222223,4129.0
haraj,11177661458,السحاب,24.924792194316,46.923696233049,Land,plot,2000.0,300.0,6.67,,2026-03-28,https://haraj.com.sa/11177661458/ارض_بمساحه_300م_المرحله_3_مخطط_المستقبل_حي_السحاب_موقع_مميز/,3018,905400,45147.37631184408,3011.33
haraj,11180339334,عكاظ,24.506519087053,46.671101850108,فيلا,villa,770000.0,247.0,3117.41,4.0,2026-05-10,https://haraj.com.sa/11180339334/تاون_هاوس_امامي_في_العجلان_بسعر_770_الف_فقط_مساحه_310/,2747,678509,11.88197895047491,370.40999999999985
haraj,11180179703,الخير,25.095498,46.3817005,ارض,plot,1334.0,600.0,2.22,,2026-05-07,https://haraj.com.sa/11180179703/للبيع_أرض_مخطط_الخير_بسعر_مميز/,2359,1415400,106161.26126126126,2356.78
haraj,11170343564,المنصورة (خنشليلة),24.599548173293,46.743441217284,,villa,1880000.0,210.0,8952.38,7.0,2025-11-24,https://haraj.com.sa/11170343564/فلة_للبيع/,2805,589050,68.66754985824997,6147.379999999999
haraj,11172529283,البيان,24.873720004505,46.862655985259,Apartment,apartment,750.0,114.58,6.55,1.0,2025-12-30,https://haraj.com.sa/11172529283/للبيع_شقة_750_ألف_بحي_البيان_عرض_رقم_H1504/,2768,317157,42159.54198473282,2761.45
haraj,11176635478,البديعة,24.619290933049,46.68260038731,Villa,villa,3100.0,900.0,3.44,18.0,2026-03-07,https://haraj.com.sa/11176635478/للبيع_فيلا_على_أرض_900م_بجوار_مستشفى_الشميسي_الرياض_البديعه/,2566,2309400,74493.02325581395,2562.56
haraj,11174860367,الدار البيضاء,24.552040425494,46.788295222629,Land,plot,21001.0,1053.0,19.94,,2026-02-05,https://haraj.com.sa/11174860367/أرض_تجارية_استثمارية_على_شارع_60م_الرياض/,2648,2788344,13179.839518555667,2628.06
haraj,11179939790,العارض,24.90945054914,46.607986686651,ارض,plot,7500.0,900.0,8.33,,2026-05-04,https://haraj.com.sa/11179939790/أرض_تجاري_حي_العارض/,3318,2986200,39731.93277310924,3309.67
haraj,11179674901,بدر,24.521330173877,46.756288811737,فيلا,villa,1450000.0,330.0,4393.94,6.0,2026-04-29,https://haraj.com.sa/11179674901/فيلا_للبيع_بحي_احد/,2169,715770,50.63655853288848,2224.9399999999996
haraj,11180107599,المونسية,24.816006918054,46.765451567038,شقة,apartment,1100000.0,162.0,6790.12,3.0,2026-05-06,https://haraj.com.sa/11180107599/شقق_تمليك_فخمة_في_حي_المونسية/,3036,491832,55.28797723751568,3754.12
haraj,11175122796,المرجان,24.905486467996,46.846538474862,Apartment,apartment,480000.0,104.85,4577.97,3.0,2026-02-09,https://haraj.com.sa/11175122796/شركه_الصدفه_للتطوير_العقاري_بدأ_البيع_في_ادوار_الرياض_2/,2782,291693,39.230707060116174,1795.9700000000003
haraj,11171600005,ظهرة لبن,24.631647317,46.536689567,Land,plot,270000.0,900.0,300.0,,2025-12-14,https://haraj.com.sa/11171600005/ارض_تجاريه_للايجار_بحي_لبن_شارع_تبوك_مساحه_900/,2760,2484000,819.9999999999999,2460.0
haraj,11177503670,المرجان,24.908458103058,46.853463112271,Land,plot,3000.0,402.21,7.46,,2026-03-25,https://haraj.com.sa/11177503670/تاون_هاوس_حي_المرجان/,3043,1223925,40690.88471849866,3035.54
haraj,11176812478,ضاحية نمار,24.479109339479,46.495466993323,Land,plot,1000.0,375.0,2.67,,2026-03-10,https://haraj.com.sa/11176812478/مكتب_اجياد_روشن_للعقارات_يستقبل_عروضكم_وطلباتكم_للاراضي/,2724,1021500,101922.47191011236,2721.33
haraj,11177472178,المهدية,24.656665642101,46.507268944943,Apartment,apartment,950000.0,129.09,7359.21,3.0,2026-03-24,https://haraj.com.sa/11177472178/استديوهات_جديدة_و_نظيفة_و_فخمة_الحي_ممتاز_و_هادي/,3026,390626,58.881456025850596,4333.21
haraj,11172471344,الرمال,24.533912105793,46.630899321312,Apartment,apartment,500000.0,147.39,3392.36,3.0,2025-12-29,https://haraj.com.sa/11172471344/شقه_للبيع_في_حي_الرمال/,2864,422125,15.57499793653976,528.3600000000001
haraj,11180120290,بدر,24.526029400215,46.681279766557,Villa,villa,1200000.0,341.25,3516.48,8.0,2026-05-06,https://haraj.com.sa/11180120290/فلة_للبيع/,2581,880766,26.602739102739104,935.48
haraj,11178323392,النظيم,24.800362146593,46.883716441775,شقة,apartment,450000.0,92.02,4890.24,4.0,2026-04-07,https://haraj.com.sa/11178323392/شقه_للبيع_حي_الندوه/,2778,255632,43.19297212406753,2112.24
haraj,11169472251,Al Janadriyah,24.894322663593,46.95747594221,Apartment,apartment,490000.0,139.91,3502.25,5.0,2025-11-10,https://haraj.com.sa/11169472251/شقة_للبيع_مميزة_بحي_الجنادرية/,2766,386991,21.02220001427654,736.25
haraj,11177879441,الملقا,24.834708604664,46.57961398519,Villa,villa,5000000.0,200.0,25000.0,10.0,2026-03-31,https://haraj.com.sa/11177879441/للبيع_فله_في_حي_الملقا/,3354,670800,86.584,21646.0
haraj,11180683479,السليمانية,24.682827376269,46.706266267274,Villa,villa,6500000.0,625.0,10400.0,6.0,2026-05-16,https://haraj.com.sa/11180683479/للبيع_فيلا_بحي_السليمانيه/,2462,1538750,76.32692307692308,7938.0
haraj,11169820088,An Nadheem,24.853680914228,46.926555199442,Villa,villa,700000.0,293.73,2383.14,4.0,2025-11-16,https://haraj.com.sa/11169820088/للبيع_دور_شقة/,2870,843005,20.42934951366685,486.8600000000001
haraj,11179252924,الزهرة,24.58515490428,46.648240710206,شقة,apartment,600000.0,138.1,4344.68,3.0,2026-04-22,https://haraj.com.sa/11179252924/شقق_تمليك_للبيع_بحي_الزهره_بموقع_ممتاز_واسعار_منافسه/,2750,379775,36.7041991585111,1594.6800000000003
haraj,11175986934,العريجاء الغربية,24.6134185,46.6040495,Land,plot,2900.0,400.0,7.25,,2026-02-23,https://haraj.com.sa/11175986934/ارض_للبيع_تجاري_سكني_في_العريجاء_الغربي/,2657,1062800,36548.275862068964,2649.75
haraj,11176249561,عكاظ,24.50319267595,46.664925332822,Villa,villa,1400000.0,260.0,5384.62,10.0,2026-02-28,https://haraj.com.sa/11176249561/فيلا_للبيع_في_حي_عكاظ_جنوب_الرياض/,2759,717340,48.76147249016643,2625.62
haraj,11171096354,المروة,25.08256752736,46.454962926877,,plot,650250.0,375.0,1734.0,,2025-12-06,https://haraj.com.sa/11171096354/ارض_فى_الخير_على_السوم/,2363,886125,36.27450980392157,629.0
haraj,11180319990,طيبة,24.547009118531,46.854013961819,ارض,plot,1500.0,4200.0,0.36,,2026-05-10,https://haraj.com.sa/11180319990/قطعة_مستودعات_للبيع_امداد_طيبة_العجلان/,2587,10865400,718511.1111111111,2586.64
haraj,11175776974,الروضة,24.73215682452,46.76566996306,شقة,apartment,1350000.0,148.58,9086.01,4.0,2026-02-20,https://haraj.com.sa/11175776974/شقة_فاخرة_للبيع_بالاثاث_حي_الروضة/,2786,413944,69.33747596579796,6300.01
haraj,11167797589,Ishbiliyah,24.786466741619,46.777992765471,Small apartment studio,apartment,21000.0,50.0,420.0,1.0,2025-10-14,https://haraj.com.sa/11167797589/استديوهات_فاخره_في_حي_اشبيليه_ممتازه_جدا_تشطيب_عالي/,2841,142050,576.4285714285714,2421.0
haraj,11174931976,اليرموك,25.217971049506,45.870406119189,إستراحة,villa,900000.0,629.36,1430.02,5.0,2026-02-06,https://haraj.com.sa/11174931976/استراحة_للبيع/,2394,1506688,67.41024601054531,963.98
haraj,11176133453,العقيق,24.7667350182,46.631110348176,فيلا,villa,170000.0,333.5,509.75,8.0,2026-02-26,https://haraj.com.sa/11176133453/فيلا_فاخرة_للإيجار_بحي_العقيق/,2983,994830,485.1888180480627,2473.25
haraj,11179143062,عكاظ,24.51711279755,46.686683859119,Villa,villa,880000.0,292.75,3005.98,5.0,2026-04-20,https://haraj.com.sa/11179143062/تاون_هاوس_للبيع/,2704,791596,10.045975023120581,301.98
haraj,11179355160,الجنادرية,24.819724781273,46.861042671222,فيلا,villa,66000.0,364.93,180.86,4.0,2026-04-24,https://haraj.com.sa/11179355160/فيلا_للإيجار_حي_الجنادرية_في_مشروع_المشرقية/,2868,1046619,1485.7569390688927,2687.14
haraj,11174695162,العلا,25.043140931986,47.173543533065,ارض,plot,467.0,750.0,0.62,,2026-02-03,https://haraj.com.sa/11174695162/منح_شرق_الرياض_ارض_للبيع/,2438,1828500,393125.8064516129,2437.38
haraj,11168178874,Al Suwaidi,24.583139700589,46.657352549166,Villa,villa,895000.0,177.23,5049.94,5.0,2025-10-20,https://haraj.com.sa/11168178874/تاون_هاوس_حي_السويدي_للبيع/,2788,494117,44.79142326443482,2261.9399999999996
haraj,11176059062,عريض,24.447460417947,46.684778982999,Land,plot,1300.0,202.5,6.42,,2026-02-25,https://haraj.com.sa/11176059062/للبيع_ارض_في_عريض_مخطط_الامني/,2606,527715,40491.90031152648,2599.58
haraj,11172616302,العوالي,24.555405573469,46.600769832877,Apartment,apartment,600000.0,136.66,4390.46,4.0,2025-12-31,https://haraj.com.sa/11172616302/شقق_تمليك_في_حي_العوالي/,2503,342060,42.990028379714204,1887.46
haraj,11179969795,صلاح الدين,24.729373922752,46.692485817405,فيلا,villa,2812500.0,375.0,7500.0,10.0,2026-05-04,https://haraj.com.sa/11179969795/فرصة_عقارية_مميزة_فلتين_متجاورتين_للبيع_في_الرياض_حي_الم/,2946,1104750,60.72,4554.0
haraj,11175176523,الفرسان,25.006298555464,47.224972789921,ارض,plot,354.0,876.34,0.4,,2026-02-10,https://haraj.com.sa/11175176523/للبيع_ارض_شرق_الرياض_3212/,2324,2036614,580899.9999999999,2323.6
haraj,11172119753,الوسام,24.912169498604,46.906855508854,Apartment,apartment,520000.0,116.69,4456.25,3.0,2025-12-23,https://haraj.com.sa/11172119753/شقه_فاخره_للبيع_حي_الوسام/,2759,321948,38.08695652173913,1697.25
haraj,11179834606,النرجس,24.857829322535,46.648926867284,فيلا,villa,3900000.0,282.0,13829.79,4.0,2026-05-02,https://haraj.com.sa/11179834606/فيلا_للبيع_حي_النرجس/,3454,974028,75.02492807193747,10375.79
haraj,11180848261,بدر,24.510676296042,46.732009900451,دور,villa,580000.0,203.74,2846.77,6.0,2026-05-18,https://haraj.com.sa/11180848261/تاون_هاوس_ب_580_فرصة_عقارية/,2661,542152,6.525641340888094,185.76999999999998
haraj,11171968919,النسيم الشرقي,24.758667773594,46.839220232718,ارض,plot,3500.0,787.5,4.44,,2025-12-21,https://haraj.com.sa/11171968919/ارض_سكنيه_النسيم_الشرقي_الصفوة/,2642,2080575,59404.5045045045,2637.56
haraj,11180570788,الياسمين,24.838313768842,46.64529753899,فيلا,villa,4000000.0,360.0,11111.11,5.0,2026-05-14,https://haraj.com.sa/11180570788/فلة_للبيع_مقسمة_ادوار_حي_الياسمين/,3282,1181520,70.46199704619971,7829.110000000001
haraj,11177569475,الخير,25.052424620506,46.430694323679,فيلا,villa,1550000.0,132.89,11663.78,12.0,2026-03-26,https://haraj.com.sa/11177569475/للبيع_فيلا_دبلكس_في_حي_الخير_شمال_الرياض/,2393,318006,79.48349505906319,9270.78
haraj,11180497656,الجنادرية,24.850936468744,46.904181948119,Villa,villa,950000.0,255.01,3725.34,12.0,2026-05-12,https://haraj.com.sa/11180497656/تاون_هاوس_كبيره_شرقيه/,2944,750749,20.973656095819447,781.3400000000001
haraj,11180119502,عريض,24.487151322985,46.752388612043,ارض,plot,1111.0,450.0,2.47,,2026-05-06,https://haraj.com.sa/11180119502/للبيع_ارض_في_مخطط_2746_أ_عريض_شارع_25/,2341,1053450,94677.32793522267,2338.53
haraj,11179703689,الزاهر,25.025139199041,47.049214630196,Land,plot,596.0,840.0,0.71,,2026-04-30,https://haraj.com.sa/11179703689/أرض_للبيع_بسعر_350_منح_الشرق_بالرياض_حي_الزاهر/,2440,2049600,343561.9718309859,2439.29
haraj,11175906939,بدر,24.513841952261,46.756529125632,Apartment,apartment,390000.0,77.49,5032.91,3.0,2026-02-22,https://haraj.com.sa/11175906939/للبيع_شقة_بحي_بدر_كود_33/,1976,153120,60.73841972139379,3056.91
haraj,11175535381,الحمراء,24.900697999042,46.637536781812,ارض,plot,5300.0,500.0,10.6,,2026-02-15,https://haraj.com.sa/11175535381/للبيع_ارض_سكنيه_حي_الحمراء_مساحه_500م_زاوية_شارع_20_و_15/,3335,1667500,31362.2641509434,3324.4
haraj,11175728754,الدار البيضاء,24.5570275,46.7863725,فيلا,villa,1300000.0,375.0,3466.67,12.0,2026-02-19,https://haraj.com.sa/11175728754/للبيع_فلة_بحي_الدار_البيضاء_دور_وشقتين/,2637,988875,23.932765449263993,829.6700000000001
haraj,11180282470,السويدي الغربي,24.585395835033,46.620695673799,فيلا,villa,2150000.0,600.0,3583.33,8.0,2026-05-09,https://haraj.com.sa/11180282470/للبيع_فيلا_في_حي_السويدي/,2785,1671000,22.278997468834852,798.3299999999999
haraj,11178673380,الرمال,24.929440635197,46.797439292894,فيلا,villa,2000200.0,274.2,7294.68,6.0,2026-04-13,https://haraj.com.sa/11178673380/فيلا_للبيع_حي_الرمال/,2832,776534,61.17718666206057,4462.68
haraj,11169789301,Al Bayan,24.866514137987,46.869444104412,Apartment,apartment,500000.0,126.85,3941.66,4.0,2025-11-15,https://haraj.com.sa/11169789301/شقة_فاخرة_للبيع_حي_الندوة_الرياض/,2760,350106,29.97873992175885,1181.6599999999999
haraj,11180618374,طويق,24.552091926336,46.518704783073,Villa,villa,1200000.0,300.0,4000.0,9.0,2026-05-14,https://haraj.com.sa/11180618374/للبيع_فيلا/,2893,867900,27.675,1107.0
haraj,11167764988,West Al Uraija,24.597922028075,46.578478758038,Villa,villa,1230000.0,200.0,6150.0,7.0,2025-10-14,https://haraj.com.sa/11167764988/فيلا_دبلكس_للبيع_العريجاء/,2605,521000,57.642276422764226,3545.0
haraj,11172290628,النظيم,24.841964187,46.936970261,فيلا,villa,1200000.0,324.0,3703.7,5.0,2025-12-26,https://haraj.com.sa/11172290628/فيلا_في_مخطط_النخبه_دور_موسس_ثلاث_شقق/,2818,913032,23.91392391392391,885.6999999999998
haraj,11177434501,ظهرة لبن,24.613274711893,46.511339158815,Land,plot,300.0,1050.0,0.29,,2026-03-23,https://haraj.com.sa/11177434501/ارض_تجارية_للاستثمار_في_لبن/,3044,3196200,1049555.1724137932,3043.71
haraj,11179534375,الياسمين,24.829593358636,46.648431661981,شقة,apartment,1250000.0,190.0,6578.95,4.0,2026-04-27,https://haraj.com.sa/11179534375/شقه_دورين_للبيع_حي_الياسمين/,3287,624530,50.03761998495201,3291.95
haraj,11176384080,الشفا,24.571429447681,46.712678001335,Villa,villa,1200000.0,600.0,2000.0,7.0,2026-03-02,https://haraj.com.sa/11176384080/فيلا_في_الشفاء_مساحة_600_السعر_مليون_و_150/,2886,1731600,44.3,886.0
haraj,11180783865,المهدية,24.624832640247,46.481014540378,ارض,plot,3750.0,375.0,10.0,,2026-05-17,https://haraj.com.sa/11180783865/ارض_للبيع_في_المهدية/,3064,1149000,30539.999999999996,3054.0
haraj,11179608003,الخليج,24.776067946285,46.7990892355,فيلا,villa,2750000.0,197.0,13959.39,15.0,2026-04-28,https://haraj.com.sa/11179608003/للبيع_فيلا_بحي_الخليج_مساحة_375/,2894,570118,79.26843508204871,11065.39
haraj,11176057637,الحائر,24.416506118972,46.841639538367,فيلا,villa,1000050.0,397.0,2519.02,10.0,2026-02-24,https://haraj.com.sa/11176057637/للبيع_فيلا_دبلكس_في_الرياض_حي_الحاير/,2302,913894,8.615255138903223,217.01999999999998
haraj,11180595702,طويق,24.545804461762,46.828268486879,دور,apartment,600000.0,201.0,2985.07,5.0,2026-05-14,https://haraj.com.sa/11180595702/دور_علوي_مع_شقة_بسعر_600_الف/,2521,506721,15.546369096872104,464.07000000000016
haraj,11168693630,النزهة,24.758208552913,46.71206004188,Apartment,apartment,2100000.0,259.12,8104.35,4.0,2025-10-28,https://haraj.com.sa/11168693630/للبيع_شقه_تمليك_بحي_النزهه_259م_دورين/,3024,783579,62.68670528790095,5080.35
haraj,11172626732,الدار البيضاء,24.56407549221,46.770984760522,فيلا,villa,1850000.0,822.75,2248.56,15.0,2026-01-01,https://haraj.com.sa/11172626732/فيلا_للبيع_في_الدار_البيضاء/,2654,2183578,18.031095456647815,405.44000000000005
haraj,11180209450,ظهرة لبن,24.608230277142,46.525664474421,Villa,villa,1500000.0,200.0,7500.0,5.0,2026-05-08,https://haraj.com.sa/11180209450/فيلا_دوبلكس_فاخره_للبيع_200م_حي_ظهرة_لبن_تصميم_VIP/,2804,560800,62.61333333333333,4696.0
haraj,11176176439,البيان,24.886775087305,46.88018871323,فيلا,villa,2400000.0,420.0,5714.29,10.0,2026-02-27,https://haraj.com.sa/11176176439/للبيع_فيلا_دور_4_شقق_في_البيان/,2952,1239840,48.34003874497094,2762.29
haraj,11167767159,Al Sholah,25.056013858774,47.122103602546,Land,plot,400500.0,750.0,534.0,,2025-10-14,https://haraj.com.sa/11167767159/أرض_سكنية_في_منح_شرق_الرياض_الشعلةللبيع/,2438,1828500,356.55430711610484,1904.0
haraj,11178682004,ضاحية نمار,24.502398704348,46.525245333333,فيلا,villa,25000.0,375.0,66.67,3.0,2026-04-13,https://haraj.com.sa/11178682004/فيلا_للبيع/,2742,1028250,4012.7943602819855,2675.33
haraj,11177989282,العليا,24.709832187371,46.672619278787,شقَّة صغيرة (استوديو),apartment,1200000.0,50.8,23622.05,1.0,2026-04-02,https://haraj.com.sa/11177989282/استديو_للبيع_في_برج_داماك_العليا_الرياض/,2793,141884,88.17630137943151,20829.05
haraj,11173559816,الشعلة,25.057020177129,47.144625533479,Land,plot,465.0,752.5,0.62,,2026-01-16,https://haraj.com.sa/11173559816/اراضي_المنح_شرق_الرياض_طريق_رماح_وطريق_الدمام_بيع_شراءتسويق/,2438,1834595,393125.8064516129,2437.38
haraj,11180597322,ديراب,24.511789888797,46.614286338122,ارض,plot,1250.0,300.0,4.17,,2026-05-14,https://haraj.com.sa/11180597322/ارض_سكنيه_للبيع_حي_ديراب/,2777,833100,66494.72422062351,2772.83
haraj,11177704656,القادسية,24.81899883301,46.812226406483,Apartment,apartment,680000.0,127.9,5316.65,3.0,2026-03-28,https://haraj.com.sa/11177704656/شقة_في_حي_القادسية_للبيع/,2980,381142,43.94966755381678,2336.6499999999996
haraj,11177918453,السويدي الغربي,24.562398983034,46.634707191332,فيلا,villa,4000000.0,900.0,4444.44,16.0,2026-04-01,https://haraj.com.sa/11177918453/فيلا_للبيع_الرياض_حي_السويدي_الغربي/,2796,2516400,37.08993708993709,1648.4399999999996
haraj,11173708737,عكاظ,24.51246966209,46.645024960038,Land,plot,2300.0,288.0,7.99,,2026-01-18,https://haraj.com.sa/11173708737/ارض_للبيع_بحي_عكاظ/,2756,793728,34393.11639549437,2748.01
haraj,11180667787,العارض,24.880522546732,46.624523796247,Apartment,apartment,1170000.0,143.09,8176.67,3.0,2026-05-15,https://haraj.com.sa/11180667787/شقق_للبيع_بحي_العارض/,3168,453309,61.255621175857655,5008.67
haraj,11174785961,الصحافة,24.805654783322,46.626596997493,Apartment,apartment,1450000.0,112.48,12891.18,3.0,2026-02-04,https://haraj.com.sa/11174785961/شقة_للبيع_بنظام_سمارت_برج_جود_4_حي_الصحافة_الرياض/,2958,332716,77.05407883529669,9933.18
haraj,11180607084,الرمال,24.929712086659,46.809967886496,فيلا,villa,1250000.0,290.0,4310.34,7.0,2026-05-14,https://haraj.com.sa/11180607084/فيلا_دبلكس_حي_تنال_الرمال/,2800,812000,35.03992724471851,1510.3400000000001
haraj,11180235653,النرجس,24.912369839507,46.623067854247,شقة,apartment,2206320.0,201.79,10933.74,3.0,2026-05-08,https://haraj.com.sa/11180235653/شقق_سكنية_للبيع_الرياض_حي_النرجس/,3218,649360,70.56816789131624,7715.74
haraj,11177587851,الزاهر,25.01031,47.0743335,ارض,plot,800.0,465.0,1.72,,2026-03-26,https://haraj.com.sa/11177587851/ارض_سكنيه/,2420,1125300,140597.67441860467,2418.28
haraj,11178228639,المهدية,24.656853713125,46.521036473196,Apartment,apartment,900000.0,131.81,6828.01,3.0,2026-04-06,https://haraj.com.sa/11178228639/شقة_للبيع_في_حي_المهديةالرياض_مسطحات_البناء_131_متر_مربع/,2980,392794,56.35624435230763,3848.01
haraj,11176060175,الحائر,24.429011063467,46.839261551689,Land,plot,455.0,550.0,0.83,,2026-02-25,https://haraj.com.sa/11176060175/للبيع_قطعة_في_حي_الحائر_بسعر_250_الف/,2321,1276550,279538.5542168675,2320.17
haraj,11176264845,الملك فهد,24.731802035684,46.669990184648,Villa,villa,3500000.0,480.0,7291.67,7.0,2026-02-28,https://haraj.com.sa/11176264845/للبيع_فيلا_دور_ودور_وملحق_حي_الملك_فهد/,2954,1417920,59.48801851976297,4337.67
haraj,11177437624,النظيم,24.800408078046,46.883761428329,شقة,apartment,450000.0,92.02,4890.24,4.0,2026-03-24,https://haraj.com.sa/11177437624/للبيع_شقة_في_حي_الندوه/,2778,255632,43.19297212406753,2112.24
haraj,11173585772,العارض,24.868481057155,46.633137502593,Villa,villa,3000000.0,312.0,9615.38,7.0,2026-01-16,https://haraj.com.sa/11173585772/فيلا_سكنية_للبيع_حي_النرجس_كود_96/,3349,1044888,65.17038328178397,6266.379999999999
haraj,11180283309,الربيع,24.79863723559,46.669516829294,فيلا,villa,5800000.0,567.0,10229.28,8.0,2026-05-09,https://haraj.com.sa/11180283309/للبيع_فيلا_في_حي_الربيع/,3004,1703268,70.63331925609623,7225.280000000001
haraj,11172463550,عكاظ,24.505665710478,46.657414975489,Villa,villa,850000.0,245.19,3466.7,6.0,2025-12-29,https://haraj.com.sa/11172463550/فيلا_تاون_هاوس_ثلاث_أدوار_300_متر_السعر_850_الف_ريال/,2747,673537,20.760377304064377,719.6999999999998
haraj,11174959782,النظيم,24.847849802718,46.930449271126,Land,plot,1500.0,300.0,5.0,,2026-02-07,https://haraj.com.sa/11174959782/ارض_سكنية_مميزة_في_مخطط_النخبة/,2914,874200,58179.99999999999,2909.0
haraj,11173243584,عريض,24.45750651763,46.718797835483,فيلا,villa,1500000.0,500.0,3000.0,4.0,2026-01-11,https://haraj.com.sa/11173243584/للبيع_فلتين_متلاصقة_في_مخطط_عريض_الذهبي/,2649,1324500,11.700000000000001,351.0
haraj,11180791060,النرجس,24.902087159078,46.640394192825,فيلا,villa,10000000.0,900.0,11111.11,7.0,2026-05-17,https://haraj.com.sa/11180791060/للبيع_فيلا_فاخرة_في_حي_النرجس_مخطط_القمراء_1/,3361,3024900,69.7509969750997,7750.110000000001
haraj,11180237229,عريض,24.441779062592,46.695844016375,ارض,plot,1150.0,200.0,5.75,,2026-05-08,https://haraj.com.sa/11180237229/ارض_للبيع/,2606,521200,45221.739130434784,2600.25
haraj,11180569149,الدار البيضاء,24.554770110543,46.782253526132,شقة,apartment,400000.0,127.0,3149.61,4.0,2026-05-14,https://haraj.com.sa/11180569149/للبيع_شقة_بجوار_مترو_الدار_البيضاء/,2646,336042,15.989598712221516,503.6100000000001
haraj,11178680602,اليرموك,24.810686203922,46.773516837133,شقة,apartment,1100000.0,238.27,4616.61,7.0,2026-04-13,https://haraj.com.sa/11178680602/للبيع_شقه_فاخرة_بحي_اشبيلية/,2709,645473,41.320579386172966,1907.6099999999997
haraj,11174014152,السويدي الغربي,24.853693907768,46.745595330464,فيلا,villa,4000000.0,400.0,10000.0,5.0,2026-01-23,https://haraj.com.sa/11174014152/فيلا_للبيع_حي_سدره/,2462,984800,75.38,7538.0
haraj,11180610379,الرمال,24.841380802043,46.830654363916,فيلا,villa,2000000.0,202.0,9900.99,7.0,2026-05-14,https://haraj.com.sa/11180610379/فيلا_سكنية_معها_شقة_مستقلة/,3080,622160,68.89199968892,6820.99
haraj,11175191781,عكاظ,24.510730517682,46.684038348713,Apartment,apartment,450000.0,82.98,5422.99,6.0,2026-02-10,https://haraj.com.sa/11175191781/للبيع_شقه_جديده_حي_عكاظ/,2675,221972,50.672968233391536,2747.99
haraj,11171754019,النظيم,24.849074145841,46.939745049585,Land,plot,1600.0,300.0,5.33,,2025-12-17,https://haraj.com.sa/11171754019/للبيع_ارض_300_م_بمخطط_النخبة/,2882,864600,53971.29455909944,2876.67
haraj,11179173411,المعيزلة,24.776291173832,46.834127224142,دور,plot,1300000.0,245.37,5298.12,5.0,2026-04-21,https://haraj.com.sa/11179173411/ارض_للايجارمساحة_16الفمتر_/,2897,710837,45.32022679743003,2401.12
haraj,11180014947,طويق,24.575078876886,46.584174537374,شقة,apartment,620000.0,117.0,5299.15,5.0,2026-05-05,https://haraj.com.sa/11180014947/شقة_ملحق_بموقع_مميز_بطويق/,2568,300456,51.539397827953536,2731.1499999999996
haraj,11168258446,West Al Uraija,24.600381717307,46.615023253764,Villa,villa,1200000.0,400.0,3000.0,12.0,2025-10-22,https://haraj.com.sa/11168258446/للبيع_أرض_تجارية_مقام_عليها_فلة_بقيمة_أرض_1_200_000/,2574,1029600,14.2,426.0
haraj,11180462583,العارض,24.894883282227,46.618140417927,فيلا,villa,8960.0,335.0,26.75,4.0,2026-05-12,https://haraj.com.sa/11180462583/فيلا_للبيع_دور_وشقتين_نستقبل_العروض_من_الملاك/,3378,1131630,12528.03738317757,3351.25
haraj,11174334869,سلطانة,24.603772770199,46.689976514912,Villa,villa,1600000.0,465.97,3433.7,15.0,2026-01-28,https://haraj.com.sa/11174334869/فيلا_للبيع/,2700,1258119,21.36762093368669,733.6999999999998
haraj,11170287068,العريجاء الغربية,24.598795834103,46.614703771499,Land,plot,1500000.0,529.0,2835.54,,2025-11-23,https://haraj.com.sa/11170287068/ارض_للبيع/,2510,1327790,11.480705615156195,325.53999999999996
haraj,11168090076,Al Farouk,24.65026102051,46.762811140554,Villa,villa,2700000.0,500.0,5400.0,10.0,2025-10-19,https://haraj.com.sa/11168090076/ارض_للبيع_بحي_الفاروق_بالرياض/,2505,1252500,53.61111111111111,2895.0
haraj,11174760961,طيبة,24.550922216137,46.804624965396,فيلا,villa,1200000.0,234.27,5122.29,7.0,2026-02-04,https://haraj.com.sa/11174760961/فيلا_للبيع/,2635,617301,48.55816441474418,2487.29
haraj,11168973468,الجنادرية,24.902279208368,46.9,Apartment,apartment,460000.0,124.62,3691.22,4.0,2025-11-02,https://haraj.com.sa/11168973468/شقة_مميزة_للبيع_بحي_الجنادرية/,2809,350058,23.90049902200356,882.2199999999998
haraj,11175561563,المرجان,24.932289348229,46.8865160748,Villa,villa,1700000.0,300.0,5666.67,5.0,2026-02-16,https://haraj.com.sa/11175561563/فله_للبيع_مع_شقتين/,2977,893100,47.46473678544895,2689.67
haraj,11179386894,الملقا,24.809604077186,46.599218138904,فيلا,villa,5000000.0,450.0,11111.11,13.0,2026-04-24,https://haraj.com.sa/11179386894/فيلا/,3082,1386900,72.26199722619972,8029.110000000001
haraj,11177238421,المهدية,24.624899571189,46.480525936348,ارض,plot,3733.33,375.0,9.96,,2026-03-18,https://haraj.com.sa/11177238421/ارض_في_حي_المهديه_الرياض_مساحة_375متر_الشارع_15م_جنوب/,3064,1149000,30663.052208835335,3054.04
haraj,11172976594,الزهرة,24.586332253906,46.651105071018,شقة,apartment,550000.0,127.03,4329.69,4.0,2026-01-06,https://haraj.com.sa/11172976594/شقق_تمليك_فاخر_حي_السويدي_تبداء_من_550_الف/,2744,348570,36.62363818194835,1585.6899999999996
haraj,11171699169,غرناطة,24.791854758989,46.76135399259,Apartment,apartment,900000.0,190.78,4717.48,4.0,2025-12-16,https://haraj.com.sa/11171699169/للبيع_شقه_تمليك_بحي_غرناطة_190م_مؤجرة/,2661,507666,43.59276562910706,2056.4799999999996
haraj,11178425668,المهدية,24.653033212912,46.535658907035,فيلا,villa,2550000.0,300.0,8500.0,6.0,2026-04-09,https://haraj.com.sa/11178425668/فيلا_بحي_المهدية_مساحة_300متر_موقع_ممتاز/,2804,841200,67.01176470588234,5696.0
haraj,11175887296,المرجان,24.900966008083,46.841875036199,فيلا,villa,800000.0,253.55,3155.2,4.0,2026-02-21,https://haraj.com.sa/11175887296/تاون_هاوس_في_المرجان/,2805,711208,11.099137931034479,350.1999999999998
haraj,11178151840,العارض,24.892112634893,46.603260814542,Apartment,apartment,28000.0,916.16,30.56,1.0,2026-04-05,https://haraj.com.sa/11178151840/ايجار_اجار_للايجار_شقة_عزاب_شقق_للايجار_سكن_حي_العارض/,3212,2942706,10410.471204188483,3181.44
haraj,11180760918,العلا,25.036493807435,47.132384336356,ارض,plot,669.0,750.0,0.89,,2026-05-17,https://haraj.com.sa/11180760918/أرض_للبيع_في_شرق_الرياض_مخطط_3451/,2438,1828500,273832.58426966297,2437.11
haraj,11171152739,ديراب,24.498451477735,46.618858247701,دور,apartment,750000.0,171.64,4369.61,6.0,2025-12-07,https://haraj.com.sa/11171152739/تاون_هاوس_للبيع/,2664,457249,39.0334606520948,1705.6099999999997
haraj,11179500099,العلا,25.010235379031,47.143352749146,ارض,plot,488.0,2050.0,0.24,,2026-04-26,https://haraj.com.sa/11179500099/ارض_حي_العلا_شرق/,2415,4950750,1006150.0000000002,2414.76
haraj,11176384782,المرجان,24.921991373325,46.874969859715,فيلا,villa,700000.0,170.77,4099.08,4.0,2026-03-02,https://haraj.com.sa/11176384782/للبيع_تاون_هاوس_أدوار_شقق_حي_المرجان/,2977,508382,27.373947324765556,1122.08
haraj,11177341402,النخيل,24.739915701538,46.600237248426,Land,plot,10000.0,2500.0,4.0,,2026-03-21,https://haraj.com.sa/11177341402/أرض_سكنية_زاوية_حي_النخيل/,2488,6220000,62100.0,2484.0
haraj,11173836655,الصفا,24.667172526721,46.772317264319,فيلا,villa,2400000.0,308.0,7792.21,4.0,2026-01-20,https://haraj.com.sa/11173836655/فيلا_فاخرة_للبيع_بحي_السعادة/,2861,881188,63.28384373624427,4931.21
haraj,11179459110,الغنامية,24.478350256662,46.811550149719,ارض,plot,2000.0,160.0,12.5,,2026-04-26,https://haraj.com.sa/11179459110/للبيع_أرضان_سكنيتان_متجاورتان_في_حي_الغنامية_الرياض/,2338,374080,18604.0,2325.5
haraj,11180268448,الرمال,24.840643062843,46.811510844276,فيلا,villa,2000000.0,435.0,4597.7,14.0,2026-05-09,https://haraj.com.sa/11180268448/فيلا_وثلاث_شقق_للبيع_حي_الرمال/,3082,1340670,32.96648324162081,1515.6999999999998
haraj,11179464171,النرجس,24.843247356536,46.678014976614,ارض,plot,8500.0,435.0,19.54,,2026-04-26,https://haraj.com.sa/11179464171/ارض_للبيع_النرجس/,3357,1460295,17080.143295803482,3337.46
haraj,11179046628,**,24.876107627608,46.61529526457,Land,plot,12000.0,885.92,13.55,,2026-04-19,https://haraj.com.sa/11179046628/ارض_تجارية_حي_العارض_الرياض/,3339,2958087,24542.066420664203,3325.45
haraj,11180359813,الجنادرية,24.898830361434,46.963046196111,فيلا,villa,1695000.0,222.0,7635.14,16.0,2026-05-10,https://haraj.com.sa/11180359813/للبيع_فيلا_دور_مع_اربع_شقق_بحي_الجنادرية_بوابة_الشرق/,2943,653346,61.45453783427678,4692.14
haraj,11168369687,عكاظ,24.497547181456,46.658772117233,Villa,villa,950000.0,269.4,3526.35,5.0,2025-10-23,https://haraj.com.sa/11168369687/فيلا_عكاظ_للبيع/,2770,746238,21.44852326059523,756.3499999999999
haraj,11180577780,بدر,24.521698134797,46.750919289142,Floor,villa,580000.0,203.74,2846.77,6.0,2026-05-14,https://haraj.com.sa/11180577780/للبيع_ب_580_الف_تاون_هاوس/,2159,439875,24.15966165162623,687.77
haraj,11180006360,النرجس,24.91247113917,46.623143959806,شقة سكنية (غرفتين وصالة).,apartment,1190600.0,146.0,8154.79,3.0,2026-05-05,https://haraj.com.sa/11180006360/شقه_للبيع/,3219,469974,60.5262673839547,4935.79
haraj,11180432871,الخير,25.157451659095,46.410710956556,ارض,plot,1507.0,375.0,4.02,,2026-05-11,https://haraj.com.sa/11180432871/ارض_في_مخطط_الخير_41_الذهبي_وكيل_البيع/,2359,884625,58581.592039801,2354.98
haraj,11175471591,بدر,24.52898136231,46.690797137143,شقة,apartment,500000.0,169.0,2958.58,4.0,2026-02-14,https://haraj.com.sa/11175471591/شقة_للبيع_جنوب_الرياض_حي_بدر_الشفاء/,2488,420472,15.905603363775864,470.5799999999999
haraj,11180526336,الخير,25.085241435778,46.466227784968,ارض,plot,1466.0,375.0,3.91,,2026-05-13,https://haraj.com.sa/11180526336/مخطط_الخير/,2363,886125,60334.78260869565,2359.09
haraj,11172249307,الندوة,24.788848762869,46.868958994163,شقة,apartment,500000.0,126.85,3941.66,3.0,2025-12-25,https://haraj.com.sa/11172249307/للبيع_شقه_مع_سطح_حي_الندوه/,2758,349852,30.02947996529381,1183.6599999999999
haraj,11179979675,الاندلس,24.739563647534,46.795957941482,فيلا,villa,3500000.0,500.0,7000.0,6.0,2026-05-04,https://haraj.com.sa/11179979675/فيلا_للبيع_حي_الاندلس_3_مليون/,2733,1366500,60.957142857142856,4267.0
haraj,11169049302,Al Wadi,24.79171671127,46.68228468042,Villa,villa,4100000.0,331.5,12368.02,13.0,2025-11-03,https://haraj.com.sa/11169049302/فيلا_للبيع_في_حي_الوادي_الرياض/,2489,825104,79.87551766572176,9879.02
haraj,11175106562,النسيم الشرقي,24.719823719918,46.851125285633,Villa,villa,1900000.0,500.0,3800.0,10.0,2026-02-09,https://haraj.com.sa/11175106562/النسيم/,2649,1324500,30.289473684210527,1151.0
haraj,11172376662,المعيزلة,24.897694184599,46.44158064273,Villa,villa,3500000.0,630.0,5555.56,7.0,2025-12-28,https://haraj.com.sa/11172376662/ارض_في_الجبيلة_land_for_sale/,2414,1520820,56.5480347615722,3141.5600000000004
haraj,11178580340,النرجس,24.908329931696,46.630057735551,ارض,plot,5600.0,307.5,18.21,,2026-04-12,https://haraj.com.sa/11178580340/أراضي_سكنيه_حي_النرجس_مساحه_307م/,3315,1019362,18104.283360790774,3296.79
haraj,11178837676,العارض,24.880907022097,46.608678112125,فيلا,villa,4100000.0,405.0,10123.46,7.0,2026-04-16,https://haraj.com.sa/11178837676/فيلا_للبيع/,3384,1370520,66.57269352573132,6739.459999999999
haraj,11175541956,الفيحاء,24.69678272458,46.69311179086,Land,plot,7500.0,631.53,11.88,,2026-02-16,https://haraj.com.sa/11175541956/للبيع_ارض_سكنيه_حي_الفيحاء_مساحه_600م_شارع_15متر_تقسم_فلتين/,2862,1807439,23990.90909090909,2850.12
haraj,11175088757,الزهرة,24.588646172744,46.645567964313,فيلا,villa,1300000.0,400.0,3250.0,8.0,2026-02-09,https://haraj.com.sa/11175088757/فيلا_مع_شقة_للبيع_حي_الزهرة/,2663,1065200,18.06153846153846,587.0
haraj,11169488310,Al Yamamah,24.59365369552,46.71719807588,Building,building,1300000.0,328.83,3953.41,22.0,2025-11-10,https://haraj.com.sa/11169488310/للبيع_عماره_بحي_اليمامه_328_متر_على_شارعين/,2361,776368,40.279404362310004,1592.4099999999999
haraj,11176856464,الجزيرة,24.661424881226,46.791408754789,Villa,villa,4000000.0,484.0,8264.46,8.0,2026-03-11,https://haraj.com.sa/11176856464/فيلا_للبيع_حي_الجزيرة/,2416,1169344,70.76639006057262,5848.459999999999
haraj,11177505828,المرجان,24.928766000349,46.878052799005,Apartment,apartment,530000.0,70.39,7529.48,4.0,2026-03-25,https://haraj.com.sa/11177505828/للبيع_شقة_فاخره_بحي_الرمال_شرق_الرياض/,2788,196247,62.97221056434176,4741.48
haraj,11179008012,النرجس,24.926070529092,46.614169368212,ارض,plot,3000.0,500.0,6.0,,2026-04-18,https://haraj.com.sa/11179008012/ارض_للبيع/,3309,1654500,55050.0,3303.0
haraj,11172823606,النهضة,24.758593866124,46.812201430743,Villa,villa,2700000.0,360.0,7500.0,12.0,2026-01-04,https://haraj.com.sa/11172823606/فيلا_جديدة_للبيع/,2969,1068840,60.41333333333333,4531.0
haraj,11171211612,Al Yarmuk,24.811242190346,46.791510942348,Apartment,apartment,740000.0,105.42,7019.54,3.0,2025-12-08,https://haraj.com.sa/11171211612/شقة_جديد_للبيع_حي_اليرموك/,2715,286215,61.32225188545119,4304.54
haraj,11176309465,النرجس,24.875310773993,46.662117610213,Apartment,apartment,970000.0,113.34,8558.32,3.0,2026-03-01,https://haraj.com.sa/11176309465/شقة_للبيع_بحي_النرجس_جديدة/,3177,360081,62.87822843735687,5381.32
haraj,11174338586,طويق,24.56369447065,46.559644175105,Apartment,apartment,600000.0,115.43,5197.96,2.0,2026-01-28,https://haraj.com.sa/11174338586/للبيع_شقة_حي_طويق_بالأثاث_كامل/,2852,329206,45.132321141370845,2345.96
haraj,11176739346,عكاظ,24.523633346128,46.657424257763,ارض,plot,1500.0,360.0,4.17,,2026-03-09,https://haraj.com.sa/11176739346/ارض_حي_عكاظ/,2726,981360,65271.70263788969,2721.83
haraj,11177913647,الندوة,24.790029149494,46.881567523435,Floor,apartment,550000.0,144.28,3812.03,4.0,2026-04-01,https://haraj.com.sa/11177913647/للبيع_شقة_علوية_فاخرة_بحي_الندوة/,2778,400810,27.125442349614254,1034.0300000000002
haraj,11177956329,ديراب,24.505692630594,46.610829906976,ارض,plot,1650.0,300.0,5.5,,2026-04-01,https://haraj.com.sa/11177956329/أرض_سكنية_بحي_ديراب_مخطط_المها/,2766,829800,50190.909090909096,2760.5
haraj,11172677279,الضباط,24.790198851934,46.676478248153,Villa,villa,2900000.0,164.7,17607.77,6.0,2026-01-01,https://haraj.com.sa/11172677279/للبيع_ارض_سكنيه_حي_الضباط_مساحه_484_م_علي_ثلاث_شوارع/,3217,529840,81.7296568503564,14390.77
haraj,11172267529,الدريهمية,24.586561490771,46.69668973018,فيلا,villa,1150000.0,214.0,5373.83,4.0,2025-12-26,https://haraj.com.sa/11172267529/فلل_تاون_هاوس_فاخرة_للبيع_الرياض_الدريهمية/,2587,553618,51.859288440460524,2786.83
haraj,11175891220,اليرموك,24.815823414859,46.785646520415,Apartment,apartment,900000.0,197.84,4549.13,5.0,2026-02-22,https://haraj.com.sa/11175891220/شقة_للبيع_في_حي_اليرموك/,2723,538718,40.142400854668914,1826.13
haraj,11180401218,الخير,25.062657808097,46.423256119102,ارض,plot,1580.0,750.0,2.11,,2026-05-11,https://haraj.com.sa/11180401218/البيع_بدون_سعي_وبسعر_السوق_مخطط_الخير/,2363,1772250,111890.52132701423,2360.89
haraj,11178121871,الندوة,24.797096378544,46.879925564211,Villa,villa,880000.0,223.34,3940.18,4.0,2026-04-04,https://haraj.com.sa/11178121871/للبيع_فلة_تاون_هاوس_دور_ارضي/,2849,636296,27.69365866534016,1091.1799999999998
haraj,11175738024,الصفا,24.893155358229,46.63584372436,Apartment,apartment,36000.0,360.0,100.0,1.0,2026-02-19,https://haraj.com.sa/11175738024/للبيع_ارض_حي_الصفا_موقع_ممتاز_بين_النهضه_و_متعب_مساحه_340م/,3133,1127880,3033.0,3033.0
haraj,11168010272,Ar Rawdah,24.730716216918,46.755901094948,Villa,villa,4200000.0,598.0,7023.41,10.0,2025-10-18,https://haraj.com.sa/11168010272/فيلا_للبيع/,2704,1616992,61.500182959559524,4319.41
haraj,11177475686,المهدية,24.660483013972,46.519578794647,فيلا,villa,1900000.0,351.36,5407.56,5.0,2026-03-24,https://haraj.com.sa/11177475686/فيلا_تتكون_من_5_غرف_نوم_للبيع_في_المهديةالرياض/,3087,1084648,42.913254776646035,2320.5600000000004
haraj,11170473214,Al Yarmuk,24.80734499388,46.786201744172,Villa,villa,1600000.0,251.51,6361.58,8.0,2025-11-26,https://haraj.com.sa/11170473214/للبيع_فيلا_بحي_اليرموك_بمليون_و700_الف/,2765,695425,56.53595490428478,3596.58
haraj,11175680263,المعيزلة,24.8001400096,46.848825263475,شقة,apartment,680.0,89.58,7.59,2.0,2026-02-18,https://haraj.com.sa/11175680263/شقه_للبيع/,2310,206930,30334.78260869565,2302.41
haraj,11179482505,عريض,24.460451039398,46.699331907737,ارض,plot,1300.0,400.0,3.25,,2026-04-26,https://haraj.com.sa/11179482505/فله_للبيع_في_حي_بدر/,2615,1046000,80361.53846153847,2611.75
haraj,11174105732,النهضة,24.74752147864,46.806771495291,فيلا,villa,2270000.0,260.0,8730.77,7.0,2026-01-24,https://haraj.com.sa/11174105732/للبيع_فيلا_درج_داخلي_وشقه_حي_النهضة/,2898,753480,66.80705138263865,5832.77
haraj,11180678912,ظهرة لبن,24.638773325886,46.554149549505,شقة بالدور الثاني,apartment,650000.0,130.36,4986.19,4.0,2026-05-15,https://haraj.com.sa/11180678912/شقة_للبيع_في_ضاحية_لبن/,2754,359011,44.767447690521216,2232.1899999999996
haraj,11176170541,النرجس,24.869734884462,46.651669,ارض,plot,6500.0,420.0,15.48,,2026-02-27,https://haraj.com.sa/11176170541/للبيع_ارض_بحي_النرجس_عليها_رخصة_بناء_على_النظام_القديم/,3336,1401120,21450.387596899225,3320.52
haraj,11180314974,الجنادرية,24.841903662414,46.890510432694,فيلا,villa,1550000.0,300.0,5166.67,9.0,2026-05-10,https://haraj.com.sa/11180314974/للبيع_فله_6_غرف_نوم/,2964,889200,42.63229507593866,2202.67
haraj,11170642211,بدر,24.524773328337,46.702000134562,Apartment,apartment,570000.0,119.18,4782.68,3.0,2025-11-29,https://haraj.com.sa/11170642211/شقة_للبيع/,2698,321548,43.588113777212776,2084.6800000000003
haraj,11177155648,المهدية,24.65107505673,46.515957811454,Apartment,apartment,800000.0,123.46,6479.83,5.0,2026-03-16,https://haraj.com.sa/11177155648/شقة_للبيع_حي_المهدية_130_متر_/,2982,368158,53.9802741738595,3497.83
haraj,11177031145,التعاون,24.763791027694,46.697218903587,Apartment,apartment,1699000.0,111.04,15300.79,3.0,2026-03-14,https://haraj.com.sa/11177031145/شقة_للبيع_حي_التعاون_مشروع_الين_126/,2924,324681,80.88987562080128,12376.79
haraj,11179246843,المهدية,24.647595001537,46.492991457262,Apartment,apartment,800000.0,128.36,6232.47,3.0,2026-04-22,https://haraj.com.sa/11179246843/شقق_للبيع_حي_المهدية/,3018,387390,51.5761808721101,3214.4700000000003
haraj,11180520297,الحزم,24.528038276399,46.638700765208,Apartment,apartment,390000.0,108.0,3611.11,3.0,2026-05-13,https://haraj.com.sa/11180520297/للبيع_شقق_390_الف_في_حي_الحزم/,2830,305640,21.630745117152347,781.1100000000001
haraj,11176849829,الخليج,24.777431038283,46.818654431028,Land,plot,4300.0,375.0,11.47,,2026-03-11,https://haraj.com.sa/11176849829/للبيع_قطعه_ارض_سكني_حي_الخليج_المساحه_375م_الاطوال_12_53/,2871,1076625,24930.514385353094,2859.53
haraj,11178318328,المرجان,24.90944921646,46.85526460457,Floor,villa,900.0,174.24,5.17,4.0,2026-04-07,https://haraj.com.sa/11178318328/للبيع_تاون_هاوس_سفلي_علوي_حي_المرجان_بالرياض_1/,2976,518538,57462.862669245646,2970.83
haraj,11175099309,البيان,24.895967336842,46.861547102006,شقة,apartment,600000.0,122.13,4912.8,4.0,2026-02-09,https://haraj.com.sa/11175099309/شقه_للبيع_مصعد_راكب_بالبيان/,2804,342453,42.924605113173754,2108.8
haraj,11177870237,السويدي الغربي,24.562398983034,46.634707191332,Villa,villa,4000000.0,900.0,4444.44,12.0,2026-03-31,https://haraj.com.sa/11177870237/فله_على_ثلاث_شوارع_900متر_حي_السويدي_الغربي/,2796,2516400,37.08993708993709,1648.4399999999996
haraj,11169429593,القيروان,24.849847206813,46.592348329559,Villa,villa,5500000.0,625.0,8800.0,7.0,2025-11-09,https://haraj.com.sa/11169429593/فيلا_ب_قيمة_ارض_في_حي_القيروان/,3349,2093125,61.94318181818181,5451.0
haraj,11180725597,ظهرة لبن,24.648911320178,46.59441948129,ارض,plot,4500.0,611.0,7.36,,2026-05-16,https://haraj.com.sa/11180725597/ارض_مميزة_للبيع_ظهرة_لبن/,2685,1640535,36380.97826086956,2677.64
haraj,11180603884,الحزم,24.533965458753,46.650304095148,فيلا,villa,1500000.0,365.0,4109.59,13.0,2026-05-14,https://haraj.com.sa/11180603884/فيله_للبيع/,2835,1034775,31.015016096496247,1274.5900000000001
haraj,11170072307,Al Bayan,24.874494959736,46.871268733002,Land,plot,2052000.0,540.0,3800.0,,2025-11-19,https://haraj.com.sa/11170072307/للبيع_ارض_تجاريه_1200م_حي_البيان/,2993,1616220,21.236842105263158,807.0
haraj,11179621467,المهدية,24.64564118668,46.521450515283,فيلا,villa,1950000.0,500.0,3900.0,8.0,2026-04-28,https://haraj.com.sa/11179621467/للبيع_فلتين_مودرن_بحي_المهديه/,2829,1414500,27.46153846153846,1071.0
haraj,11169435043,طويق,24.569160910518,46.554402360149,فيلا,villa,1250000.0,300.0,4166.67,10.0,2025-11-09,https://haraj.com.sa/11169435043/للبيع_فيلا_دورين_درج_صاله_حي_طويق/,2915,874500,30.040055967955226,1251.67
haraj,11178365638,المرجان,24.908209366717,46.857803102537,Villa,villa,1550000.0,540.0,2870.37,7.0,2026-04-08,https://haraj.com.sa/11178365638/للبيع_فيلا_درج_داخلي_وشقه_حي_المرجان/,2977,1607580,3.7148520922389836,106.63000000000011
haraj,11176987616,المهدية,24.660481266997,46.519597727532,شقة,apartment,950000.0,171.11,5551.98,3.0,2026-03-13,https://haraj.com.sa/11176987616/شقة_فاخرة_للبيع_مساحة_171_متر_مربع_في_حي_المهديةالرياض/,3003,513843,45.911188440880544,2548.9799999999996
haraj,11179594180,الراية,25.028188414917,47.204995894521,ارض,plot,800.0,829.35,0.96,,2026-04-28,https://haraj.com.sa/11179594180/ارض_في_الرياض_حي_الراية/,2347,1946484,244379.16666666666,2346.04
haraj,11174081741,الروابي,24.689403704144,46.799091145203,Apartment,apartment,970000.0,125.0,7760.0,3.0,2026-01-24,https://haraj.com.sa/11174081741/شقة_جديدة_للبيع_بحي_الروابي/,2714,339250,65.0257731958763,5046.0
haraj,11172487325,غرناطة,24.795871809611,46.750038956631,Apartment,apartment,1380000.0,164.0,8414.63,3.0,2025-12-29,https://haraj.com.sa/11172487325/شقة_للبيع/,2674,438536,68.22201332678918,5740.629999999999
haraj,11173581436,الحائر,24.405481279343,46.848196851109,ارض,plot,900.0,540.0,1.67,,2026-01-16,https://haraj.com.sa/11173581436/أرض_للبيع_في_حي_الحاير/,2237,1207980,133852.09580838322,2235.33
haraj,11173919971,النسيم الغربي,24.739231058344,46.810071808223,Villa,villa,1000000.0,375.0,2666.67,5.0,2026-01-21,https://haraj.com.sa/11173919971/للبيع_والايجار_عمارة_جديدة_في_النسيم_الشرقي/,2936,1101000,10.099862375172028,269.3299999999999
haraj,11177499458,السعادة,24.688611320165,46.84732047513,Land,plot,3600.0,375.0,9.6,,2026-03-25,https://haraj.com.sa/11177499458/للبيع_ارض_بالسعادة/,2806,1052250,29129.166666666668,2796.4
haraj,11180467158,الرمال,24.922537327639,46.794761651133,Apartment,apartment,600000.0,103.0,5825.24,3.0,2026-05-12,https://haraj.com.sa/11180467158/شقة_في_حي_الرمال_للبيع/,2694,277482,53.7529784180566,3131.24
haraj,11173674548,المونسية,24.821200157784,46.770938823987,Floor,apartment,1200000.0,220.76,5435.77,5.0,2026-01-18,https://haraj.com.sa/11173674548/أدوار_علوية_بمواقع_ممتازة_بشرق_الرياض_المونسية/,3059,675305,43.72462411029165,2376.7700000000004
haraj,11175317397,الروضة,24.740734938066,46.775461939494,عمارة,building,3800000.0,810.0,4691.36,7.0,2026-02-12,https://haraj.com.sa/11175317397/فيلا_دور_وشقتين_حي_الروضه_في_الرياض_المساحه_810م/,2845,2304450,39.356604481429684,1846.3599999999997
haraj,11179880090,العليا,24.679670788038,46.694708638587,فيلا,villa,4500000.0,560.0,8035.71,13.0,2026-05-03,https://haraj.com.sa/11179880090/للبيع_فله_قديمة_في_حي_العليا_560م/,3039,1701840,62.18131316336702,4996.71
haraj,11178344190,عكاظ,24.515446753292,46.683050693788,ارض,plot,2000.0,412.5,4.85,,2026-04-08,https://haraj.com.sa/11178344190/للبيع_ارض_سكنية_بحي_عكاظ_مساحتها_412_5_م_شارع_20_م/,2687,1108388,55302.0618556701,2682.15
haraj,11179111098,المهدية,24.506852010191,45.829972874375,Land,plot,120.0,10000.0,0.01,,2026-04-20,https://haraj.com.sa/11179111098/أرض_زراعية_للبيع_مساحة_10_الف_متر_بالجافورة/,3241,32410000,32409900.0,3240.99
haraj,11178785582,ضاحية نمار,24.501139298344,46.537653173139,شقة,apartment,430000.0,130.0,3307.69,3.0,2026-04-15,https://haraj.com.sa/11178785582/شقة_للبيع/,2739,356070,17.19296548346429,568.69
haraj,11171376231,عكاظ,24.506781973884,46.67431438889,فيلا,villa,850000.0,245.19,3466.7,8.0,2025-12-11,https://haraj.com.sa/11171376231/تاون_هاوس_حي_عكاض_العجلان_للبيع/,2744,672801,20.84691493351025,722.6999999999998
haraj,11174157337,الفيصلية,24.642783750656,46.786611859181,ارض,plot,3000.0,300.0,10.0,,2026-01-25,https://haraj.com.sa/11174157337/ارض_للبيع_حي_الفيصلية_تجارية_زاوية/,2320,696000,23100.0,2310.0
haraj,11179602012,النرجس,24.870582313213,46.655471948352,فيلا,villa,5000000.0,510.0,9803.92,6.0,2026-04-28,https://haraj.com.sa/11179602012/فيلا_مع_3_شقق_شبه_جديدة_للبيع_بحي_النرجس_5_مليون/,3377,1722270,65.55459448873512,6426.92
haraj,11176156707,الملز,24.673762847442,46.740740097467,Villa,villa,1600000.0,360.0,4444.44,7.0,2026-02-26,https://haraj.com.sa/11176156707/فيلا_ب_قيمة_أرض_مميزة/,2630,946800,40.82494082494082,1814.4399999999996
haraj,11176430968,السلي,24.364415236171,46.327848986218,Land,plot,600.0,4500.0,0.13,,2026-03-03,https://haraj.com.sa/11176430968/للبيع_ارض_في_الحنيه/,2754,12393000,2118361.5384615385,2753.87
haraj,11170021258,الاندلس,25.166052454515,46.402780826947,,plot,1099500.0,750.0,1466.0,,2025-11-19,https://haraj.com.sa/11170021258/مخطط_الخير_قريبه_للملك_فهد/,2359,1769250,60.91405184174625,893.0
haraj,11180006290,الحائر,24.475777068926,46.848002486906,ارض,plot,630.0,588.0,1.07,,2026-05-05,https://haraj.com.sa/11180006290/أرض_تجارية_للبيع_حنوب_الرياض/,2362,1388856,220647.6635514018,2360.93
haraj,11175887489,النخبة,25.024122324522,47.255157874596,Land,plot,800.0,995.32,0.8,,2026-02-21,https://haraj.com.sa/11175887489/ارض_النخبة_مساحة_الف_متر/,2347,2336016,293274.99999999994,2346.2
haraj,11179196584,الجنادرية,24.841510553734,46.868423920707,شقة,apartment,530000.0,78.51,6750.73,4.0,2026-04-21,https://haraj.com.sa/11179196584/شقه_جديده_للبيع_في_حي_غصون/,2810,220613,58.374872050874494,3940.7299999999996
haraj,11178003394,الخير,25.043535153769,46.426256620538,Villa,villa,2750000.0,500.0,5500.0,15.0,2026-04-02,https://haraj.com.sa/11178003394/للبيع_فله_مميزه_جديده_قبل_الشعيب_مخطط_الخير_شمال_الرياض/,2393,1196500,56.49090909090909,3107.0
haraj,11180685802,الياسمين,24.824590050729,46.625005781026,Villa,villa,8500000.0,750.0,11333.33,6.0,2026-05-16,https://haraj.com.sa/11180685802/للبيع_فيلا_750_بحي_الياسمين/,3306,2479500,70.8294031851186,8027.33
haraj,11180193351,عريض,24.44298775407,46.714775887819,Land,plot,325.0,450.0,0.72,,2026-05-08,https://haraj.com.sa/11180193351/ارض_للبيع_في_عريض_نستقبل_عروضكم_وطلباتكم/,2596,1168200,360455.5555555556,2595.28
haraj,11176296385,النهضة,24.767518909313,46.825736872423,Apartment,apartment,680000.0,99.35,6844.49,3.0,2026-03-01,https://haraj.com.sa/11176296385/شقة_مجددة_موقع_وسعر_ممتاز_550_الف_ريال/,2854,283545,58.3022255858362,3990.49
haraj,11176480697,بدر,24.527335507858,46.689410608844,Apartment,apartment,640000.0,194.0,3298.97,3.0,2026-03-04,https://haraj.com.sa/11176480697/شقق_للبيع/,2500,485000,24.218771313470562,798.9699999999998
haraj,11173953158,المرجان,24.906478204323,46.860805053963,Villa,villa,800000.0,212.43,3765.95,4.0,2026-01-22,https://haraj.com.sa/11173953158/تاون_هاوس_في_حي_المرجان/,2977,632404,20.949561199697282,788.9499999999998
haraj,11174549683,الحزم,24.52960638299,46.639381580342,Apartment,apartment,640000.0,164.13,3899.35,3.0,2026-01-31,https://haraj.com.sa/11174549683/شقة_للبيع_حي_الحزم_جنوب_الرياض/,2827,463996,27.500737302370908,1072.35
haraj,11167807495,Ar Rawdah,24.730716216918,46.755901094948,Villa,villa,4200000.0,598.0,7023.41,6.0,2025-10-15,https://haraj.com.sa/11167807495/فلة_للبيع/,2704,1616992,61.500182959559524,4319.41
haraj,11179990346,ظهرة البديعة,24.60105918884,46.648122110877,ارض,plot,3000.0,896.0,3.35,,2026-05-04,https://haraj.com.sa/11179990346/أرض_مسورة_للبيع/,2565,2298240,76467.16417910447,2561.65
haraj,11173631251,البيان,24.895907492405,46.863217628678,Villa,villa,2400000.0,374.95,6400.85,4.0,2026-01-17,https://haraj.com.sa/11173631251/دور_و_ثلاث_شقق/,2994,1122600,53.22496230969325,3406.8500000000004
haraj,11180482077,بدر,24.54310569793,46.713165955509,فيلا,villa,1500000.0,625.0,2400.0,10.0,2026-05-12,https://haraj.com.sa/11180482077/فيلا_للبيع_الشفا_حي_بدر/,2735,1709375,13.958333333333334,335.0
haraj,11175238590,الصفا,24.662036096522,46.753934848299,ارض,plot,3100.0,300.0,10.33,,2026-02-11,https://haraj.com.sa/11175238590/فرصة_اراضي_في_حي_الصفا_بالرياض/,2445,733500,23568.92545982575,2434.67
haraj,11180305506,الرمال,24.844645102351,46.830547389044,فيلا,villa,2500000.0,470.0,5319.15,10.0,2026-05-09,https://haraj.com.sa/11180305506/للبيع_فيلا_الأحلام_وصلتفخامة_تسكنها_واستثمار_يكسبك/,3077,1446190,42.15241156951768,2242.1499999999996
haraj,11180304580,طويق,24.564935637137,46.569068173573,Villa,villa,1100000.0,236.0,4661.02,5.0,2026-05-09,https://haraj.com.sa/11180304580/فيلا_ادوار_ارضية_وعلوية_شقة_علوية_تاون_هاوس/,2939,693604,36.94513218136804,1722.0200000000004
haraj,11176419160,الفيصلية,24.642783750656,46.786611859181,ارض,plot,1000000.0,300.0,3333.33,,2026-03-03,https://haraj.com.sa/11176419160/للبيع_ارض_في_حي_الفيصليه/,2320,696000,30.399930399930398,1013.3299999999999
haraj,11175037316,النسيم الشرقي,24.745718740665,46.829616307889,فيلا,villa,1600000.0,399.0,4010.03,12.0,2026-02-08,https://haraj.com.sa/11175037316/فيلا_للبيع_حي_النسيم_الشرقي/,2661,1061739,33.64139420403339,1349.0300000000002
haraj,11179191019,الندى,24.852681686795,46.930016436105,ارض,plot,826875.0,375.0,2205.0,1.0,2026-04-21,https://haraj.com.sa/11179191019/ارض_للبيع_في_حي_النظيم/,2911,1091625,32.018140589569164,706.0
haraj,11178624654,طويق,24.559546723572,46.540064298892,شقة,apartment,560000.0,137.0,4087.59,4.0,2026-04-12,https://haraj.com.sa/11178624654/شقة_جديدة_للبيع_حي_طويق_بسعر_مناسب/,2847,390039,30.350157427726366,1240.5900000000001
haraj,11179029871,الملقا,24.803614036451,46.602583284327,Land,plot,13500.0,450.0,30.0,,2026-04-19,https://haraj.com.sa/11179029871/أرض_للبيع_حي_الملقا/,3001,1350450,9903.333333333334,2971.0
haraj,11175826794,المرجان,24.911371322584,46.860067444776,فيلا,villa,1700000.0,288.0,5902.78,5.0,2026-02-20,https://haraj.com.sa/11175826794/للبيع_فيلا_درج_داخلي_مع_شقة_حي_المرجان_شرق_الرياض/,2977,857376,49.566136633925026,2925.7799999999997
haraj,11176733577,الملك عبدالعزيز,24.68755714234,46.810186932747,شقة,apartment,7700001000.0,158.43,48601912.52,3.0,2026-03-09,https://haraj.com.sa/11176733577/شقة_للبيع_4_غرف_و_صاله/,2563,406056,99.99472654497094,48599349.52
haraj,11173248447,الملقا,24.808848687563,46.605858099015,شقة,apartment,1600000.0,114.26,14003.15,3.0,2026-01-11,https://haraj.com.sa/11173248447/للبيع_شقه_فاخره_جديد_بناء_الماجديه_بالملقا_موقع_مميز/,2994,342094,78.61909641759176,11009.15
haraj,11175513133,المهدية,24.652206174898,46.515750152095,Apartment,apartment,800000.0,116.78,6850.49,3.0,2026-02-15,https://haraj.com.sa/11175513133/شقة_بحي_المهدية/,2984,348472,56.44107209849223,3866.49
haraj,11167827727,البيان,24.887898731829,46.854366345886,ارض,plot,5631120.0,1877.04,3000.0,,2025-10-15,https://haraj.com.sa/11167827727/للبيع_راس_بلك_حي_البيان/,3064,5751251,2.1333333333333333,64.0
haraj,11175829167,اشبيلية,24.787894131645,46.775697665051,Villa,villa,2650000.0,487.5,5435.9,10.0,2026-02-20,https://haraj.com.sa/11175829167/فلة_للبيع_بحي_اشبيلية_الاركان_تباع_كأرض/,2891,1409362,46.81653452050258,2544.8999999999996
haraj,11177691484,المروة,24.536598427785,46.666371924009,Apartment,apartment,720000.0,179.66,4007.57,4.0,2026-03-28,https://haraj.com.sa/11177691484/شقه_للايجارحي_عكاظ_يوجد_لدينا_تسويق_كامل_اللي_حاب_يتواصل_معن/,2727,489933,31.953777476126433,1280.5700000000002
haraj,11177518423,الروابي,24.691025152863,46.783461901832,Villa,villa,9500000.0,893.17,10636.27,10.0,2026-03-25,https://haraj.com.sa/11177518423/فيلا_فاخرة_بمساحة_893_متر_للبيع_بحي_الروابي/,2626,2345464,75.31089376256902,8010.27
haraj,11176393370,النرجس,24.905794376117,46.625549163661,فيلا,villa,3000000.0,250.0,12000.0,5.0,2026-03-03,https://haraj.com.sa/11176393370/فلتين_دبلكس_للبيع_حي_النرجس/,3370,842500,71.91666666666666,8630.0
haraj,11180315148,الخليج,24.777079746316,46.791228605921,Land,plot,5600.0,2145.0,2.61,,2026-05-10,https://haraj.com.sa/11180315148/أرض_للبيع_حي_الروضة_الخليج/,2832,6074640,108405.74712643679,2829.39
haraj,11174384144,الراية,25.028108122111,47.205005972164,ارض,plot,1000.0,829.35,1.21,,2026-01-29,https://haraj.com.sa/11174384144/أرض_للبيع_بالرياض_بحي_الراية/,2347,1946484,193866.94214876034,2345.79
haraj,11179485140,النرجس,24.841539897922,46.668013520266,شقة,apartment,1480000.0,168.0,8809.52,9.0,2026-04-26,https://haraj.com.sa/11179485140/شقة_للبيع_في_شارع_رقم_454حي_النرجسمدينة_الرياض/,3310,556080,62.42701077924791,5499.52
haraj,11176160284,العزيزية,24.596202403306,46.765627608964,Villa,villa,1800000.0,597.0,3015.08,11.0,2026-02-26,https://haraj.com.sa/11176160284/فيلا_للبيع_في_حي_العزيزية/,2652,1583244,12.042134868726533,363.0799999999999
haraj,11179605645,المهدية,24.660482528658,46.519597032613,Villa,villa,1850000.0,403.61,4583.63,5.0,2026-04-28,https://haraj.com.sa/11179605645/فيلا_سكنية_للبيع_في_حي_المهديةمساحة_الأرض_403_متر_مربع/,3087,1245944,32.651632003455774,1496.63
haraj,11179897317,النرجس,24.901947429816,46.640432131128,فيلا,villa,10000000.0,900.0,11111.11,7.0,2026-05-03,https://haraj.com.sa/11179897317/فيلا_حي_النرجس_من_المالك_مباشرة/,3357,3021300,69.7869969786997,7754.110000000001
haraj,11177371614,طيبة,24.554372166168,46.810627402834,Apartment,apartment,650000.0,200.64,3239.63,6.0,2026-03-22,https://haraj.com.sa/11177371614/للبيع_تاون_هاوس_أرضي_بمخطط_طيبة_جنوب_الرياض/,2659,533502,17.92272574337193,580.6300000000001
haraj,11172464550,الحزم,24.524541743949,46.632823444188,Apartment,apartment,550000.0,82.76,6645.72,3.0,2025-12-29,https://haraj.com.sa/11172464550/شقة_ب_550_الف_مدخل_خاص_و_مصعد_خاص_راكب_شغال_بحي_عكاظ/,2842,235204,57.235634363169076,3803.7200000000003
haraj,11176464795,عكاظ,24.504605119416,46.674586913625,فيلا,villa,88000.0,350.0,251.43,7.0,2026-03-04,https://haraj.com.sa/11176464795/فيلا_في_عكاض_جميع_المكيفات_راكبه_للإيجار_80_ألف/,2745,960750,991.7551604820428,2493.57
haraj,11174575520,ديراب,24.507216164676,46.621538840392,ارض,plot,1750.0,810.0,2.16,,2026-02-01,https://haraj.com.sa/11174575520/للبيع_أرض_تجارية_في_مخطط_المها_غرب_الرياض/,2759,2234790,127631.48148148147,2756.84
haraj,11179580406,حطين,25.105408816021,46.204573836819,ارض,plot,1142.0,596.0,1.92,,2026-04-28,https://haraj.com.sa/11179580406/ارض_للبيع_في_حريملاء_القرينة_CODE113/,2368,1411328,123233.33333333333,2366.08
haraj,11178745866,الجنادرية,24.849779532024,46.899840490377,شقة,apartment,550000.0,129.21,4256.64,4.0,2026-04-14,https://haraj.com.sa/11178745866/شقة_للبيع_حي_الجنادرية/,2859,369411,32.83434821831304,1397.6400000000003
haraj,11175651596,الشفا,24.574074137664,46.714108073273,Floor,villa,800000.0,241.83,3308.11,5.0,2026-02-17,https://haraj.com.sa/11175651596/دور_تاون_هاوس_أرضي_بحي_الشفاء/,2656,642300,19.712464216727984,652.1100000000001
haraj,11173652578,النسيم الغربي,24.73269593142,46.809084916593,Villa,villa,2200000.0,625.0,3520.0,12.0,2026-01-17,https://haraj.com.sa/11173652578/للبيع_فيلا_625م_النسيم_الغربي/,2952,1845000,16.136363636363637,568.0
haraj,11179474973,عكاظ,24.501890622292,46.676451727036,Villa,villa,813000.0,270.0,3011.11,8.0,2026-04-26,https://haraj.com.sa/11179474973/تاون_هاوس_للبيع/,2715,733050,9.833915067865343,296.1100000000001
haraj,11176059616,النهضة,24.778770282033,46.82808863699,فيلا,villa,3100000.0,412.5,7515.15,17.0,2026-02-25,https://haraj.com.sa/11176059616/فلتين_دور_وثلاث_شقق_مساحة_412_م_للبيع_في_حي_النهضه/,2953,1218112,60.70604046492751,4562.15
haraj,11178269943,الحزم,24.547036111767,46.648488131859,Land,plot,2350.0,375.0,6.27,,2026-04-07,https://haraj.com.sa/11178269943/أرض_للبيع_سكني/,2769,1038375,44062.67942583733,2762.73
haraj,11176430433,النرجس,24.860621828033,46.661286418182,شقة,apartment,1200000.0,131.37,9134.51,3.0,2026-03-03,https://haraj.com.sa/11176430433/شقه_للبيع_ارضي_الماجديه_مشروع_142/,3242,425902,64.50822211590989,5892.51
haraj,11178369444,المعيزلة,24.811245751361,46.838482267238,Land,plot,3700.0,1470.0,2.52,,2026-04-08,https://haraj.com.sa/11178369444/الرياض_حي_المعيزبله_قريبة_من_طريق_السلطان_قابوس_بن_سعيد/,2365,3476550,93749.20634920635,2362.48
haraj,11180578849,النرجس,24.857829322535,46.648926867284,فيلا,villa,3500000.0,282.0,12411.35,4.0,2026-05-14,https://haraj.com.sa/11180578849/فيلا_للبيع_مودرن_بحي_النرجس/,3454,974028,72.17063413730175,8957.35
haraj,11176158532,الصحافة,25.541701758641,47.168542557252,ارض,plot,555.55,675.0,0.82,,2026-02-26,https://haraj.com.sa/11176158532/للبيع_قطعتين_أرض_زاوية_في_محافظة_رماح/,2447,1651725,298314.6341463415,2446.18
haraj,11176387672,الرمال,24.921862039546,46.790358489342,Villa,villa,2000000.0,300.0,6666.67,5.0,2026-03-02,https://haraj.com.sa/11176387672/فيلا_درج_داخلي_وشقتين_بحي_الرمال_تنال/,2838,851400,57.430021284989365,3828.67
haraj,11176496225,المنار,24.722768432662,46.791189774392,شقة,apartment,880000.0,100.0,8800.0,3.0,2026-03-04,https://haraj.com.sa/11176496225/شقة_مؤثثة_للبيع_بعمارة_مودرن_بحي_المنار/,2840,284000,67.72727272727272,5960.0
haraj,11175003654,النهضة,24.772515267388,46.830074456267,شقة,apartment,1300000.0,213.02,6102.71,6.0,2026-02-07,https://haraj.com.sa/11175003654/للبيع_شقه_دورين_حي_النهضه_في_عمارة_سكنية/,2862,609663,53.1028018699889,3240.71
haraj,11174667784,بدر,24.51200131271,46.731274469557,Floor,apartment,765000.0,189.02,4047.19,7.0,2026-02-02,https://haraj.com.sa/11174667784/دور_مع_ملحق_وسطح_مستقلللبيع_حي_بدر/,2640,499013,34.76955616118838,1407.19
haraj,11180044337,بدر,24.521922695326,46.743757810851,ارض,plot,2000.0,300.0,6.67,,2026-05-05,https://haraj.com.sa/11180044337/ارض_سكنية_للبيع_في_الشفاء_بدر_مساحة_300م/,2675,802500,40004.94752623688,2668.33
haraj,11179621578,الفاروق,24.657329131461,46.778520179775,فيلا,villa,2500000.0,300.0,8333.33,4.0,2026-04-28,https://haraj.com.sa/11179621578/فيلا_تاسيس_وتشطيب_فاخر_للبيع_بحي_الفاروق/,2501,750300,69.9879879951952,5832.33
haraj,11174061882,المروة,24.526705245384,46.675013170803,Land,plot,3050.0,973.3,3.13,,2026-01-24,https://haraj.com.sa/11174061882/للبيع_ارض_تجارية_رخصة_محطة_بنزين/,2651,2580218,84596.4856230032,2647.87
haraj,11177243757,الوادي,24.795519606172,46.690349162486,Villa,villa,2700000.0,312.0,8653.85,10.0,2026-03-18,https://haraj.com.sa/11177243757/فلة_للبيع_حي_الوادي/,2539,792168,70.66045748424112,6114.85
haraj,11179872458,بدر,24.522755402266,46.730926346473,Villa,villa,1650000.0,422.0,3909.95,17.0,2026-05-03,https://haraj.com.sa/11179872458/فيلا_بشقتين_حي_بدر_المزيني/,2648,1117456,32.27534878962646,1261.9499999999998
haraj,11176381719,احد,24.49870471916,46.641888625429,Apartment,apartment,430000.0,108.09,3978.17,3.0,2026-03-02,https://haraj.com.sa/11176381719/الرياض/,2539,274441,36.17668425431794,1439.17
haraj,11169412110,إشبيلية,24.796541378453,46.790876236545,فيلا,villa,3550000.0,559.61,6343.7,7.0,2025-11-09,https://haraj.com.sa/11169412110/للبيع_فيلا_حي_اشبيلية/,2874,1608319,54.695209420369814,3469.7
haraj,11175117204,بدر,24.527346941673,46.689476706807,Apartment,apartment,490000.0,193.96,2526.29,4.0,2026-02-09,https://haraj.com.sa/11175117204/شقة_جديدة_للبيع_حي_بدربجوار_جامع_العودة_/,2499,484706,1.0802401941186468,27.289999999999964
haraj,11179817452,المشرق,24.970948,47.0459005,ارض,plot,469.0,918.0,0.51,,2026-05-02,https://haraj.com.sa/11179817452/أرض_للبيع_بسعر_430_الف_مخطط_3123_في_منح_الشرق_بالرياض/,2417,2218806,473821.56862745096,2416.49
haraj,11178942606,السحاب,24.922885050855,46.921030750948,ارض,plot,2200.0,300.0,7.33,,2026-04-17,https://haraj.com.sa/11178942606/ارض_في_حي_السحاب_مخطط3930/,3018,905400,41073.26057298772,3010.67
haraj,11179316723,النهضة,24.765381835483,46.822149802701,شقة,apartment,1500000.0,182.78,8206.59,4.0,2026-04-23,https://haraj.com.sa/11179316723/شقة_مؤثثة_للبيع_حي_النهضة_جديدة/,2857,522202,65.18651473998335,5349.59
haraj,11180409767,القادسية,24.818984216853,46.813130967782,فيلا,villa,3500000.0,500.0,7000.0,4.0,2026-05-11,https://haraj.com.sa/11180409767/فيلا_للبيع_حي_القادسيه/,3047,1523500,56.471428571428575,3953.0
haraj,11167846617,Qurtubah,24.826226153286,46.741210111267,Land,plot,5481000.0,870.0,6300.0,,2025-10-15,https://haraj.com.sa/11167846617/للبيع_فيلا_بقيمه_ارض_حي_قرطبه_مساحه_870م_شارع_15_جنوبي_ا/,2760,2401200,56.19047619047619,3540.0
haraj,11180571400,الياسمين,24.829069981748,46.649488987993,شقة,apartment,1100000.0,180.0,6111.11,3.0,2026-05-14,https://haraj.com.sa/11180571400/شقة_دورين_للبيع_حي_الياسمين/,2423,436140,60.35090188198215,3688.1099999999997
haraj,11171440893,بدر,24.510725386634,46.730418139075,Building,building,490000.0,130.69,3749.33,4.0,2025-12-12,https://haraj.com.sa/11171440893/شقق_للبيع_في_حي_بدر_الرياض/,2584,337703,31.08101980887252,1165.33
haraj,11177911717,ظهرة لبن,24.330070442737,45.821175507203,Land,plot,85.0,10732.0,0.01,,2026-04-01,https://haraj.com.sa/11177911717/ارض_زراعية_زاوية_بالجله/,3241,34782412,32409900.0,3240.99
haraj,11178645263,ضاحية نمار,24.51071827972,46.525291686783,Floor,apartment,950000.0,182.82,5196.37,6.0,2026-04-13,https://haraj.com.sa/11178645263/للبيع_بضاحية_نمار_دور_أولدور_علوي_السطح_مؤسس_شقق_مستقبلية/,2745,501841,47.174662312344964,2451.37
haraj,11180047496,الزاهر,25.038938698362,47.051602414215,ارض,plot,715.0,840.0,0.85,,2026-05-05,https://haraj.com.sa/11180047496/للبيع_أرض_مخططات_رماح_3134/,2441,2050440,287076.4705882353,2440.15
haraj,11169457657,الصفا,24.6665902615,46.7709684325,Land,plot,1722000.0,280.0,6150.0,,2025-11-10,https://haraj.com.sa/11169457657/ارض_للبيع/,2844,796320,53.75609756097561,3306.0
haraj,11179425892,ضاحية نمار,24.482580215963,46.527930772434,Land,plot,1550.0,450.0,3.44,,2026-04-25,https://haraj.com.sa/11179425892/لوحة_3_منطقة_9000_مساحة_450م_زاوية_تنقسم_قطعتين_سوم_750_الف/,2695,1212750,78243.02325581395,2691.56
haraj,11178193141,الروابي,24.690974275452,46.793516797621,فيلا,villa,3000000.0,400.0,7500.0,10.0,2026-04-05,https://haraj.com.sa/11178193141/فيلا_للبيع_بالروابي_400م/,2752,1100800,63.306666666666665,4748.0
haraj,11173905770,الربوة,24.682583223259,46.764646268358,Villa,villa,2700000.0,600.0,4500.0,18.0,2026-01-21,https://haraj.com.sa/11173905770/فيلا_للبيع_بالربوه_الرياض/,2691,1614600,40.2,1809.0
haraj,11180613488,ضاحية نمار,24.502553232017,46.53891009601,ارض,plot,1500.0,229.5,6.54,,2026-05-14,https://haraj.com.sa/11180613488/ارض_للبيع/,2720,624240,41490.214067278284,2713.46
haraj,11175964707,الجزيرة,24.678781800979,46.782842285877,فيلا,villa,5000000.0,637.56,7842.4,10.0,2026-02-23,https://haraj.com.sa/11175964707/فيلا_للبيع_حي_الجزيرة_مجاورة_لجامع_الراجحي/,2452,1563297,68.73406100173416,5390.4
haraj,11179955661,ضاحية نمار,24.511427124156,46.52657980745,شقة,apartment,500000.0,84.0,5952.38,5.0,2026-05-04,https://haraj.com.sa/11179955661/شقة_للبيع/,2745,230580,53.88399262143883,3207.38
haraj,11180834011,بدر,24.500592830321,46.727280921298,فيلا,villa,1050000.0,250.0,4200.0,5.0,2026-05-18,https://haraj.com.sa/11180834011/دبلكس_حي_بدر/,2646,661500,37.0,1554.0
haraj,11180652584,ضاحية نمار,24.526864297075,46.548865822259,Land,plot,1500.0,864.0,1.74,,2026-05-15,https://haraj.com.sa/11180652584/للبيع_أرض_خام/,2997,2589408,172141.37931034484,2995.26
haraj,11180787735,الخير,25.166623742603,46.396691959998,ارض,plot,1574.0,375.0,4.2,,2026-05-17,https://haraj.com.sa/11180787735/للبيع_ارض_مخطط_الخير/,2359,884625,56066.66666666667,2354.8
haraj,11176825648,العارض,24.848406970538,46.632420547503,Villa,villa,170000.0,232.64,730.74,6.0,2026-03-10,https://haraj.com.sa/11176825648/فيلا_فاخره_للإيجار_حي_العارض/,3291,765618,350.3653830363741,2560.26
haraj,11172697769,الدار البيضاء,24.556795720635,46.787867373994,Apartment,apartment,750000.0,258.81,2897.88,6.0,2026-01-02,https://haraj.com.sa/11172697769/للبيع_شقتين_بصك_واحد_في_حي_الدار_البيضاء/,2661,688693,8.17425152180215,236.8800000000001
haraj,11178495536,السحاب,24.923557069471,46.930989230337,ارض,plot,1600.0,300.0,5.33,,2026-04-10,https://haraj.com.sa/11178495536/للبيع_ارض_قي_مدينة_المستقبل_شرق_الرياض/,3005,901500,56278.98686679174,2999.67
